{"cameraMode":{"drawMode":0,"name":"Shaded","section":"Shading Mode"},"sceneLighting":false,"audioPlay":false,"sceneViewState":{"showFog":true,"showMaterialUpdate":false,"showSkybox":true,"showFlares":true,"showImageEffects":true,"showParticleSystems":true},"in2DMode":false,"pivot":{"x":0.20609283447265626,"y":-0.38710784912109377,"z":0.5651168823242188},"rotation":{"x":-0.11197346448898316,"y":0.8879714608192444,"z":-0.3206177055835724,"w":-0.31011757254600527},"size":211.0283966064453,"orthographic":false}