{"cameraMode":{"drawMode":0,"name":"Shaded","section":"Shading Mode"},"sceneLighting":false,"audioPlay":false,"sceneViewState":{"showFog":true,"showMaterialUpdate":false,"showSkybox":true,"showFlares":true,"showImageEffects":true,"showParticleSystems":true},"in2DMode":false,"pivot":{"x":0.26429998874664309,"y":-1.4901161193847657e-8,"z":-0.09999997913837433},"rotation":{"x":-0.11197346448898316,"y":0.8879714608192444,"z":-0.3206177055835724,"w":-0.31011757254600527},"size":0.8083319067955017,"orthographic":false}