{"cameraMode":{"drawMode":0,"name":"Shaded","section":"Shading Mode"},"sceneLighting":false,"audioPlay":false,"sceneViewState":{"showFog":true,"showMaterialUpdate":false,"showSkybox":true,"showFlares":true,"showImageEffects":true,"showParticleSystems":true},"in2DMode":false,"pivot":{"x":0.00860000029206276,"y":0.02239999920129776,"z":0.0},"rotation":{"x":-0.0822974219918251,"y":0.9151752591133118,"z":-0.3122538924217224,"w":-0.24120303988456727},"size":2.0857882499694826,"orthographic":false}