{"cameraMode":{"drawMode":0,"name":"Shaded","section":"Shading Mode"},"sceneLighting":true,"audioPlay":false,"sceneViewState":{"showFog":true,"showMaterialUpdate":false,"showSkybox":true,"showFlares":true,"showImageEffects":true,"showParticleSystems":true},"in2DMode":false,"pivot":{"x":-22.120370864868165,"y":-45.50393295288086,"z":66.40213012695313},"rotation":{"x":-0.33452466130256655,"y":0.5520593523979187,"z":-0.25674229860305788,"w":-0.7193102240562439},"size":76.48639678955078,"orthographic":false}